{
  "analysis_type": "clustering",
  "dataset": "data/campaign_finance/dark_money_swing_districts_2024.csv",
  "patterns": {
    "elbow": {
      "k_values": [
        2,
        3,
        4,
        5,
        6,
        7,
        8,
        9,
        10
      ],
      "inertias": [
        1194.6552542365982,
        1034.3177013887698,
        907.7690140133192,
        777.2111802261079,
        686.3004366766172,
        588.4412869549362,
        514.3877273634592,
        457.174512302433,
        420.7818527541288
      ]
    },
    "optimal_k": 3,
    "cluster_sizes": [
      3,
      206,
      33
    ],
    "silhouette_score": 0.6594988113029956,
    "pca": {
      "x": [
        8.454730980520619,
        8.043304435725865,
        6.699818068817252,
        6.575489557243303,
        7.434617200667976,
        8.375363729692857,
        6.520017177081742,
        7.296673317333492,
        8.38412605818796,
        6.3273313623919085,
        6.588653605143773,
        6.337073041869029,
        6.931343822707798,
        6.833471918678629,
        6.465576798990841,
        6.766560285693357,
        5.847271615543144,
        5.942608994519194,
        4.578410983267808,
        5.068130738180903,
        3.9778520212335677,
        4.482078803267739,
        3.9109780221588006,
        4.948116975753356,
        3.9185046797167415,
        3.5973849719279816,
        4.424764883001503,
        3.376254016007737,
        3.47500942601117,
        3.9479670409497793,
        3.359310248218895,
        3.297857957502953,
        3.3341990509283495,
        2.8450921162113016,
        2.487021384214979,
        2.3600888225801357,
        1.8230216542281021,
        1.5120587692882392,
        2.4117054537505167,
        1.8446938432308437,
        1.4124562392481521,
        1.0608596756670892,
        0.8032576297610139,
        0.7709702421501969,
        0.7110228786420467,
        1.4023485572628993,
        1.106610431660245,
        0.5986204145197616,
        0.6642060726255768,
        1.9561332893767047,
        -0.12523902199096193,
        -0.08517439388560713,
        -0.26869532023322956,
        -0.18202807871200763,
        0.24143332928431221,
        0.3101119715557861,
        -0.19419044274317193,
        -0.21923976698400194,
        -0.27839797784581294,
        0.15608166123556957,
        -0.20331616632463223,
        0.23560493366554924,
        0.06603098667521597,
        -0.19625459186799551,
        -0.41661057392043715,
        -0.3796194154590331,
        -0.17778900850939408,
        -0.48843019804397353,
        -0.12111717726715415,
        -0.03634169839995058,
        -0.46477526511190886,
        -0.5481371979349128,
        -0.4065855759609065,
        -0.38410924632581483,
        -0.3441489584775651,
        -0.21352336455043527,
        0.6481732133227409,
        -0.5343904194448722,
        -0.42169208043760753,
        -0.5604600753898694,
        -0.6931975126289353,
        -0.3053062574652459,
        -0.6909328898158874,
        -0.6463924219361088,
        -0.5270246880010989,
        -0.5533701675051549,
        -1.053474159578713,
        -0.7632762187444747,
        -0.5899553269932458,
        -0.6226508091928781,
        -0.9189959654261503,
        -0.9071950675766391,
        -0.9747825134063054,
        -0.9507431892012524,
        -1.031044007126305,
        -0.953842194972736,
        -0.9523752503169114,
        -0.9942208400705734,
        -0.979320391563959,
        -1.1074718312086935,
        -1.0341752537202529,
        -1.1673271728236885,
        -1.2608471745169374,
        -1.2322228758241718,
        -1.0888773980152404,
        -1.1535271341108537,
        -1.171598889130902,
        -0.9981725304454533,
        -1.153041443286646,
        -1.209756824794912,
        -1.2015875493555281,
        -1.3082813832648215,
        -0.9894601475760281,
        -1.1323623724194167,
        -1.234441756751007,
        -1.1069180691308433,
        -1.0393997315002013,
        -1.2505259988624666,
        -1.2403292106420405,
        -0.8181300052800813,
        -1.2092961406008733,
        -1.358278950580321,
        -0.08443403782976999,
        -1.286000394683947,
        -1.1948947293601857,
        0.02639242575279541,
        -1.389229556924434,
        -1.4143324194040168,
        -1.3381171339129845,
        -1.3492535181749974,
        -1.348507840506819,
        -1.3693070405426502,
        -1.319271443051337,
        -1.396045936514484,
        -1.3558605927448786,
        -1.372211124305517,
        -1.3511239561523094,
        -1.3924431674635385,
        -1.4055829086679967,
        -0.659933535481395,
        -1.4150095977846084,
        -1.3753852058147475,
        -1.400417707060531,
        -1.3780530392001338,
        -1.4019607003033243,
        -1.4173105029778073,
        -1.4232432909126629,
        -1.2844936861044283,
        -1.3910271798637657,
        -1.419546416028983,
        -1.4400967959242275,
        -1.375482595763636,
        -0.8033136266845666,
        -0.9074467537116853,
        -1.3990391581235044,
        -1.4200762732840997,
        -0.6403174047927055,
        -1.402301835807539,
        -1.3784803903025904,
        -1.4281545032637697,
        -1.439011032519334,
        -1.450876904535563,
        -1.4294778002597321,
        -1.3879167583151437,
        -1.399399931266333,
        -1.4439770898860484,
        -1.3804003867779226,
        -1.446614601380494,
        -1.4098193988878844,
        -1.4524593253289302,
        -1.4488607431840994,
        -1.4422546423988385,
        -1.4546998572564822,
        -1.3869536077147528,
        -1.370600922917039,
        -1.2041261278973332,
        -1.436734828001011,
        -1.4174729273370699,
        -1.4418647181037834,
        -1.4203139990505904,
        -1.445713562394113,
        -1.3967278312868616,
        -1.4770150998211118,
        -1.4401077864264455,
        -1.4666590135776423,
        -1.4619114591870703,
        -1.454407866841755,
        -1.1998076612652744,
        -1.4616977606265793,
        -1.4700466563302166,
        -1.4254436835687505,
        -0.8223203480862581,
        -1.448154199906398,
        -1.4440495181730004,
        -1.4810485631598325,
        -1.453179480256801,
        -1.466981995178491,
        -1.4644622834490135,
        -1.4573971314195888,
        -1.4737606410932116,
        -1.2722821730186453,
        -1.4815291397624224,
        -1.2370385664918182,
        -1.4729691781839702,
        -1.4626876506594948,
        -1.4566218421118957,
        -1.4655385007977486,
        -1.4813359195334876,
        -1.4845932385544807,
        -1.4840087312985142,
        -1.3601164913690065,
        -1.4806562137010069,
        -1.3813473734366828,
        -1.4079368122449696,
        -1.4751423623144801,
        -1.4641983168525416,
        -1.3946149343386678,
        -1.43852506001488,
        -1.4755771085941036,
        -1.40886403892611,
        -1.4223568925546235,
        -1.4490017375030144,
        -1.4582656412886963,
        -1.4237414741567103,
        -1.4777310351732729,
        -1.4778075008438767,
        -1.4755233035050972,
        -1.4654525623765418,
        -1.4251797733658205,
        -1.4758961246641888,
        -1.428672575067407,
        -1.4676514102590015,
        -1.4542476415529002,
        -1.4544113466608777,
        -1.457648053407405,
        -1.4698954765411545,
        -1.4185780040802307,
        -1.4775980770522814,
        -1.3585459859857418,
        -1.4863397380495387,
        -1.4450001402488295,
        -1.4928897626210593
      ],